<?xml version="1.0" encoding="UTF-8"?>
<project-private xmlns="http://www.netbeans.org/ns/project-private/1">
    <editor-bookmarks xmlns="http://www.netbeans.org/ns/editor-bookmarks/2" lastBookmarkId="0"/>
    <open-files xmlns="http://www.netbeans.org/ns/projectui-open-files/2">
        <group>
            <file>file:/C:/Users/Sahanara%20Khatun/Downloads/Documents/NetBeansProjects/BRACU%20Pharmacy/src/bracu/pharmacy/BRACUPharmacy.java</file>
            <file>file:/C:/Users/Sahanara%20Khatun/Downloads/Documents/NetBeansProjects/BRACU%20Pharmacy/src/white-pills-2.jpg</file>
            <file>file:/C:/Users/Sahanara%20Khatun/Downloads/Documents/NetBeansProjects/BRACU%20Pharmacy/src/bracu/pharmacy/PlaceOrder.java</file>
            <file>file:/C:/Users/Sahanara%20Khatun/Downloads/Documents/NetBeansProjects/BRACU%20Pharmacy/src/bracu/pharmacy/MainMenu.java</file>
        </group>
    </open-files>
</project-private>
